ad_spend,foot_traffic,discount_pct,day_of_week,daily_sales
127,333,0,0,5701
219,241,0,1,3347
310,422,0,3,5291
74,455,10,0,6707
212,452,5,1,5190
159,402,10,6,6591
203,200,0,4,2570
89,319,5,6,6642
310,347,5,2,5660
348,348,0,4,4479
252,410,5,1,7203
380,585,10,2,10472
155,506,5,1,7830
210,272,0,5,3884
254,488,10,1,7305
221,483,0,1,7429
165,295,0,3,4049
173,510,0,3,5661
334,379,5,2,6716
184,217,0,2,4056
302,459,10,2,7115
180,428,0,6,6242
302,370,15,4,8518
194,395,0,6,4729
244,307,10,6,6905
135,479,15,4,7183
210,394,5,5,5832
136,422,0,0,4434
153,446,5,6,7462
159,250,25,3,7594
172,284,25,4,7661
286,113,0,1,2532
151,473,15,0,7147
200,242,0,6,4728
302,417,0,3,6448
242,448,10,0,7262
74,478,5,4,6000
88,243,5,0,4330
222,392,15,3,5806
147,617,0,4,7317
82,623,10,5,12170
142,528,5,3,6764
226,444,0,2,5333
159,269,5,5,6035
191,493,25,1,11779
165,379,5,0,6411
133,473,0,1,3477
208,318,10,5,7390
77,378,25,3,11148
125,421,20,0,9062
263,432,10,1,6205
89,464,5,0,6349
187,325,10,5,5729
153,225,15,3,6939
146,611,15,0,8613
274,724,15,1,11017
298,458,5,4,5934
110,228,0,4,2526
172,299,10,5,7934
67,466,0,0,5235
267,574,0,0,6307
182,242,5,0,3254
86,384,10,2,4538
128,425,15,5,7424
105,512,15,4,8506
124,355,15,1,7855
70,197,15,4,4788
332,481,10,4,9344
112,546,0,1,5403
186,389,10,5,7280
225,453,0,2,4550
298,338,0,0,5560
189,290,0,2,5749
164,533,15,5,8107
193,450,10,4,6885
110,464,20,1,9996
114,595,25,5,10619
162,263,20,2,7627
57,328,0,3,4900
134,421,20,0,8594
148,327,15,6,8173
406,502,20,5,12650
315,376,0,1,6832
225,271,0,3,3738
270,409,20,5,9266
114,422,0,3,4047
195,522,5,1,7859
255,451,5,6,6167
114,460,0,1,5008
88,442,0,2,5070
214,376,25,2,8800
93,307,20,6,8465
234,438,20,3,11314
296,357,0,5,5626
116,620,0,6,7267
121,574,5,6,9057
292,482,5,5,8032
190,449,0,6,7570
275,389,15,6,8818
165,236,25,6,8447
171,372,5,4,3875
188,413,5,0,4468
368,430,5,0,5009
265,461,0,5,6969
132,520,0,2,4634
202,310,5,5,7021
160,311,5,6,5795
146,589,5,4,7239
231,500,15,5,8833
210,349,0,1,5051
117,386,0,3,3818
188,387,0,6,4787
144,404,0,5,6769
225,461,10,1,7722
141,730,15,6,11270
171,425,20,3,9260
148,486,10,5,8299
76,181,5,3,3704
360,337,0,4,4118
187,560,5,1,9179
366,452,0,2,5445
191,20,20,5,7201
250,488,5,5,7562
136,649,0,0,7831
138,141,0,0,2937
182,598,0,4,7791
364,40,20,3,4885
119,522,0,5,7707
66,399,0,0,6164
289,95,0,2,2090
257,458,15,0,8404
152,550,5,4,6636
427,447,10,6,8505
436,476,5,1,8857
73,346,0,2,3121
135,158,15,5,5184
182,490,0,0,7185
222,627,0,6,8633
207,547,10,6,10966
187,142,0,1,2036
110,203,0,0,2895
234,290,15,4,6111
240,193,5,0,4131
280,406,0,3,3654
103,451,0,0,5731
168,214,10,3,5163
148,501,0,2,5683
102,478,0,4,5016
167,329,10,6,6052
113,378,10,3,6903
93,147,25,4,5637
258,357,5,4,6077
151,401,0,6,7561
132,422,5,1,7166
310,449,10,1,6206
244,432,0,2,4898
63,366,10,5,7253
223,437,0,6,6203
222,530,15,1,7689
164,388,15,0,7753
161,441,5,4,6098
80,376,25,4,10550
425,316,25,2,9133
167,468,0,1,6531
217,328,5,5,4969
171,450,10,5,7099
133,404,0,5,6309
267,360,5,4,6655
199,357,0,1,3670
167,334,25,2,8730
216,186,5,0,2616
178,450,15,1,7881
377,430,5,3,7445
263,510,0,3,5800
232,331,15,0,6862
85,646,0,6,6797
236,351,0,1,4002
233,286,5,3,6447
114,271,10,3,5303
84,175,0,3,1527
258,599,0,5,7636
273,578,0,5,6328
138,478,0,6,5471
135,284,0,2,4850
198,635,5,1,7941
151,354,0,2,6051
83,365,0,3,4149
113,587,10,2,8205
214,486,10,3,8174
116,686,0,1,4985
279,432,0,4,5684
231,348,0,4,4506
218,320,25,3,10078
196,160,0,6,4413
130,364,0,6,4251
245,549,5,6,9417
128,478,0,0,5213
286,403,0,6,5325
350,271,0,2,4369
199,429,10,3,6833
329,532,10,2,9790
114,456,10,1,7303
232,422,15,6,9035
184,296,0,4,4716
260,513,20,6,11687
65,20,10,6,4302
253,450,15,2,9561
136,734,10,5,11156
189,204,5,3,4091
422,369,0,3,6466
236,399,5,5,6764
222,340,0,4,4470
214,535,5,6,9615
299,461,0,5,8200
264,420,0,4,5326
215,504,20,6,10065
203,402,10,0,8088
197,813,10,5,12279
180,420,0,2,5346
102,425,10,3,6377
234,178,20,5,7734
142,329,10,1,5864
170,549,10,6,8363
272,226,5,3,4538
182,120,0,2,2456
175,404,10,2,6363
199,578,25,2,11943
160,406,5,6,7824
418,356,5,0,6994
391,158,5,3,3909
387,459,5,5,8577
214,486,25,3,10373
138,168,10,3,3228
275,547,5,2,8088
161,500,5,0,6791
286,547,5,4,9849
135,476,0,6,7663
221,485,5,3,7356
304,468,15,3,8841
165,513,10,0,7847
164,164,0,6,2577
89,205,10,6,3865
137,304,10,6,5743
213,383,0,2,4777
227,450,10,4,5411
242,442,10,3,6785
72,545,15,1,8387
161,549,0,1,6040
94,287,0,2,2928
208,431,5,3,5852
80,290,0,0,5062
108,376,5,4,5908
262,442,15,3,7732
144,20,0,6,1990
331,713,5,1,9211
245,474,25,0,9592
165,323,5,2,4301
281,651,5,6,10288
172,355,10,2,5842
256,417,0,4,4296
134,337,0,5,4987
288,615,10,1,9167
84,386,5,4,3565
108,419,0,1,4792
117,556,0,2,6941
140,476,15,2,8578
216,393,0,4,6931
186,544,10,6,10093
257,730,5,1,10461
306,441,10,2,9992
80,415,0,5,6281
323,422,0,3,5690
170,570,5,3,8239
383,322,10,4,6084
131,364,0,0,4472
68,200,5,6,3835
246,246,5,2,4883
239,333,0,4,3839
109,393,10,3,5762
114,630,0,5,8123
265,470,5,4,6587
221,281,0,1,2145
162,305,5,1,3510
231,579,0,6,6603
211,546,5,3,6472
120,404,5,1,5993
274,342,20,1,8428
251,546,5,0,8351
188,271,15,6,7953
265,451,0,6,7498
405,695,5,2,9850
114,427,0,1,5106
166,299,5,2,5761
169,453,10,0,7976
263,339,15,3,7599
139,219,10,4,5968
256,491,10,6,6575
147,545,0,2,5890
107,360,0,1,3984
193,351,15,0,8190
